{
    "$schema": "http://schema.management.azure.com/schemas/2015-01-01/deploymentTemplate.json#",
    "contentVersion": "1.0.0.0",
    "parameters": {
        "factoryName": {
            "type": "string",
            "metadata": "Data Factory name",
            "defaultValue": "cf432df"
        },
        "CF_432_Raw_Layer_accountKey": {
            "type": "secureString",
            "metadata": "Secure string for 'accountKey' of 'CF_432_Raw_Layer'"
        },
        "cf432sql_connectionString": {
            "type": "secureString",
            "metadata": "Secure string for 'connectionString' of 'cf432sql'"
        },
        "CF_432_Raw_Layer_properties_typeProperties_url": {
            "type": "string",
            "defaultValue": "https://cf432.dfs.core.windows.net/"
        },
        "containerUri": {
            "type": "string",
            "metadata": "URI to storage account containing linked ARM templates"
        },
        "containerSasToken": {
            "type": "string",
            "metadata": "Sas token to storage account containing linked ARM templates"
        }
    },
    "variables": {
        "factoryId": "[concat('Microsoft.DataFactory/factories/', parameters('factoryName'))]"
    },
    "resources": [
        {
            "name": "cf432df_ArmTemplate_0",
            "type": "Microsoft.Resources/deployments",
            "apiVersion": "2018-02-01",
            "properties": {
                "mode": "incremental",
                "templateLink": {
                    "uri": "[concat(parameters('containerUri'), '/ArmTemplate_0.json', parameters('containerSasToken'))]",
                    "contentVersion": "1.0.0.0"
                },
                "parameters": {
                    "factoryName": {
                        "value": "[parameters('factoryName')]"
                    },
                    "CF_432_Raw_Layer_accountKey": {
                        "value": "[parameters('CF_432_Raw_Layer_accountKey')]"
                    },
                    "cf432sql_connectionString": {
                        "value": "[parameters('cf432sql_connectionString')]"
                    },
                    "CF_432_Raw_Layer_properties_typeProperties_url": {
                        "value": "[parameters('CF_432_Raw_Layer_properties_typeProperties_url')]"
                    }
                }
            },
            "dependsOn": []
        }
    ]
}