{
    "$schema": "http://schema.management.azure.com/schemas/2015-01-01/deploymentTemplate.json#",
    "contentVersion": "1.0.0.0",
    "parameters": {
        "factoryName": {
            "type": "string",
            "metadata": "Data Factory name",
            "defaultValue": "cf432df"
        },
        "CF_432_Raw_Layer_accountKey": {
            "type": "secureString",
            "metadata": "Secure string for 'accountKey' of 'CF_432_Raw_Layer'"
        },
        "cf432sql_connectionString": {
            "type": "secureString",
            "metadata": "Secure string for 'connectionString' of 'cf432sql'"
        },
        "CF_432_Raw_Layer_properties_typeProperties_url": {
            "type": "string",
            "defaultValue": "https://cf432.dfs.core.windows.net/"
        }
    },
    "variables": {
        "factoryId": "[concat('Microsoft.DataFactory/factories/', parameters('factoryName'))]"
    },
    "resources": [
        {
            "name": "[concat(parameters('factoryName'), '/CF_432_Raw_Layer')]",
            "type": "Microsoft.DataFactory/factories/linkedServices",
            "apiVersion": "2018-06-01",
            "properties": {
                "annotations": [],
                "type": "AzureBlobFS",
                "typeProperties": {
                    "url": "[parameters('CF_432_Raw_Layer_properties_typeProperties_url')]",
                    "accountKey": {
                        "type": "SecureString",
                        "value": "[parameters('CF_432_Raw_Layer_accountKey')]"
                    }
                }
            },
            "dependsOn": []
        },
        {
            "name": "[concat(parameters('factoryName'), '/cf432sql')]",
            "type": "Microsoft.DataFactory/factories/linkedServices",
            "apiVersion": "2018-06-01",
            "properties": {
                "annotations": [],
                "type": "AzureSqlDatabase",
                "typeProperties": {
                    "connectionString": "[parameters('cf432sql_connectionString')]"
                }
            },
            "dependsOn": []
        },
        {
            "name": "[concat(parameters('factoryName'), '/InputSource')]",
            "type": "Microsoft.DataFactory/factories/datasets",
            "apiVersion": "2018-06-01",
            "properties": {
                "linkedServiceName": {
                    "referenceName": "CF_432_Raw_Layer",
                    "type": "LinkedServiceReference"
                },
                "annotations": [],
                "type": "DelimitedText",
                "typeProperties": {
                    "location": {
                        "type": "AzureBlobFSLocation",
                        "fileName": "train.csv",
                        "fileSystem": "raw-cf432"
                    },
                    "columnDelimiter": ",",
                    "escapeChar": "\\",
                    "firstRowAsHeader": true,
                    "quoteChar": "\""
                },
                "schema": [
                    {
                        "name": "PassengerId",
                        "type": "String"
                    },
                    {
                        "name": "Survived",
                        "type": "String"
                    },
                    {
                        "name": "Pclass",
                        "type": "String"
                    },
                    {
                        "name": "Name",
                        "type": "String"
                    },
                    {
                        "name": "Sex",
                        "type": "String"
                    },
                    {
                        "name": "Age",
                        "type": "String"
                    },
                    {
                        "name": "SibSp",
                        "type": "String"
                    },
                    {
                        "name": "Parch",
                        "type": "String"
                    },
                    {
                        "name": "Ticket",
                        "type": "String"
                    },
                    {
                        "name": "Fare",
                        "type": "String"
                    },
                    {
                        "name": "Cabin",
                        "type": "String"
                    },
                    {
                        "name": "Embarked",
                        "type": "String"
                    }
                ]
            },
            "dependsOn": [
                "[concat(variables('factoryId'), '/linkedServices/CF_432_Raw_Layer')]"
            ]
        },
        {
            "name": "[concat(parameters('factoryName'), '/OutputSink')]",
            "type": "Microsoft.DataFactory/factories/datasets",
            "apiVersion": "2018-06-01",
            "properties": {
                "linkedServiceName": {
                    "referenceName": "cf432sql",
                    "type": "LinkedServiceReference"
                },
                "annotations": [],
                "type": "AzureSqlTable",
                "schema": [],
                "typeProperties": {
                    "schema": "dbo",
                    "table": "TITANIC"
                }
            },
            "dependsOn": [
                "[concat(variables('factoryId'), '/linkedServices/cf432sql')]"
            ]
        },
        {
            "name": "[concat(parameters('factoryName'), '/CFETL')]",
            "type": "Microsoft.DataFactory/factories/pipelines",
            "apiVersion": "2018-06-01",
            "properties": {
                "activities": [
                    {
                        "name": "Copy data1",
                        "type": "Copy",
                        "dependsOn": [],
                        "policy": {
                            "timeout": "0.12:00:00",
                            "retry": 0,
                            "retryIntervalInSeconds": 30,
                            "secureOutput": false,
                            "secureInput": false
                        },
                        "userProperties": [],
                        "typeProperties": {
                            "source": {
                                "type": "DelimitedTextSource",
                                "storeSettings": {
                                    "type": "AzureBlobFSReadSettings",
                                    "recursive": true,
                                    "enablePartitionDiscovery": false
                                },
                                "formatSettings": {
                                    "type": "DelimitedTextReadSettings"
                                }
                            },
                            "sink": {
                                "type": "AzureSqlSink",
                                "writeBehavior": "insert",
                                "sqlWriterUseTableLock": false,
                                "tableOption": "autoCreate",
                                "disableMetricsCollection": false
                            },
                            "enableStaging": false,
                            "translator": {
                                "type": "TabularTranslator",
                                "mappings": [
                                    {
                                        "source": {
                                            "name": "PassengerId",
                                            "type": "String",
                                            "physicalType": "String"
                                        },
                                        "sink": {
                                            "name": "PassengerId",
                                            "type": "String",
                                            "physicalType": "varchar"
                                        }
                                    },
                                    {
                                        "source": {
                                            "name": "Survived",
                                            "type": "String",
                                            "physicalType": "String"
                                        },
                                        "sink": {
                                            "name": "Survived",
                                            "type": "String",
                                            "physicalType": "varchar"
                                        }
                                    },
                                    {
                                        "source": {
                                            "name": "Pclass",
                                            "type": "String",
                                            "physicalType": "String"
                                        },
                                        "sink": {
                                            "name": "Pclass",
                                            "type": "String",
                                            "physicalType": "varchar"
                                        }
                                    },
                                    {
                                        "source": {
                                            "name": "Name",
                                            "type": "String",
                                            "physicalType": "String"
                                        },
                                        "sink": {
                                            "name": "fName",
                                            "type": "String",
                                            "physicalType": "varchar"
                                        }
                                    },
                                    {
                                        "source": {
                                            "name": "Sex",
                                            "type": "String",
                                            "physicalType": "String"
                                        },
                                        "sink": {
                                            "name": "Sex",
                                            "type": "String",
                                            "physicalType": "varchar"
                                        }
                                    },
                                    {
                                        "source": {
                                            "name": "Age",
                                            "type": "String",
                                            "physicalType": "String"
                                        },
                                        "sink": {
                                            "name": "Age",
                                            "type": "String",
                                            "physicalType": "varchar"
                                        }
                                    },
                                    {
                                        "source": {
                                            "name": "SibSp",
                                            "type": "String",
                                            "physicalType": "String"
                                        },
                                        "sink": {
                                            "name": "SibSp",
                                            "type": "String",
                                            "physicalType": "varchar"
                                        }
                                    },
                                    {
                                        "source": {
                                            "name": "Parch",
                                            "type": "String",
                                            "physicalType": "String"
                                        },
                                        "sink": {
                                            "name": "Parch",
                                            "type": "String",
                                            "physicalType": "varchar"
                                        }
                                    },
                                    {
                                        "source": {
                                            "name": "Ticket",
                                            "type": "String",
                                            "physicalType": "String"
                                        },
                                        "sink": {
                                            "name": "Ticket",
                                            "type": "String",
                                            "physicalType": "varchar"
                                        }
                                    },
                                    {
                                        "source": {
                                            "name": "Fare",
                                            "type": "String",
                                            "physicalType": "String"
                                        },
                                        "sink": {
                                            "name": "Fare",
                                            "type": "String",
                                            "physicalType": "varchar"
                                        }
                                    },
                                    {
                                        "source": {
                                            "name": "Cabin",
                                            "type": "String",
                                            "physicalType": "String"
                                        },
                                        "sink": {
                                            "name": "Cabin",
                                            "type": "String",
                                            "physicalType": "varchar"
                                        }
                                    },
                                    {
                                        "source": {
                                            "name": "Embarked",
                                            "type": "String",
                                            "physicalType": "String"
                                        },
                                        "sink": {
                                            "name": "Embarked",
                                            "type": "String",
                                            "physicalType": "varchar"
                                        }
                                    }
                                ],
                                "typeConversion": true,
                                "typeConversionSettings": {
                                    "allowDataTruncation": true,
                                    "treatBooleanAsNumber": false
                                }
                            }
                        },
                        "inputs": [
                            {
                                "referenceName": "InputSource",
                                "type": "DatasetReference",
                                "parameters": {}
                            }
                        ],
                        "outputs": [
                            {
                                "referenceName": "OutputSink",
                                "type": "DatasetReference",
                                "parameters": {}
                            }
                        ]
                    }
                ],
                "policy": {
                    "elapsedTimeMetric": {},
                    "cancelAfter": {}
                },
                "annotations": [],
                "lastPublishTime": "2022-11-09T23:16:43Z"
            },
            "dependsOn": [
                "[concat(variables('factoryId'), '/datasets/InputSource')]",
                "[concat(variables('factoryId'), '/datasets/OutputSink')]"
            ]
        }
    ]
}