{
    "$schema": "https://schema.management.azure.com/schemas/2015-01-01/deploymentParameters.json#",
    "contentVersion": "1.0.0.0",
    "parameters": {
        "factoryName": {
            "value": "cf432df"
        },
        "CF_432_Raw_Layer_accountKey": {
            "value": ""
        },
        "cf432sql_connectionString": {
            "value": ""
        },
        "CF_432_Raw_Layer_properties_typeProperties_url": {
            "value": "https://cf432.dfs.core.windows.net/"
        },
        "containerUri": {
            "value": ""
        },
        "containerSasToken": {
            "value": ""
        }
    }
}